Fertilizer Name,Probability
14-35-14,0.15258133333333335
10-26-26,0.15184933333333334
17-17-17,0.14993733333333334
28-28,0.14821066666666666
20-20,0.147852
DAP,0.12648
Urea,0.12308933333333333
